time,index_value,is_event,event_id,duration,magnitude_cumulative,magnitude_instantaneous,intensity,peak_so_far,deviation
1950-01-01,,False,0,0,0.0,0.0,0.0,0.0,0.0
1950-02-01,,False,0,0,0.0,0.0,0.0,0.0,0.0
1950-03-01,,False,0,0,0.0,0.0,0.0,0.0,0.0
1950-04-01,,False,0,0,0.0,0.0,0.0,0.0,0.0
1950-05-01,,False,0,0,0.0,0.0,0.0,0.0,0.0
1950-06-01,,False,0,0,0.0,0.0,0.0,0.0,0.0
1950-07-01,,False,0,0,0.0,0.0,0.0,0.0,0.0
1950-08-01,,False,0,0,0.0,0.0,0.0,0.0,0.0
1950-09-01,,False,0,0,0.0,0.0,0.0,0.0,0.0
1950-10-01,,False,0,0,0.0,0.0,0.0,0.0,0.0
1950-11-01,,False,0,0,0.0,0.0,0.0,0.0,0.0
1950-12-01,0.16653685,False,0,0,0.0,0.0,0.0,0.0,0.0
1951-01-01,0.33507857,False,0,0,0.0,0.0,0.0,0.0,0.0
1951-02-01,0.3517701,False,0,0,0.0,0.0,0.0,0.0,0.0
1951-03-01,0.6073026,False,0,0,0.0,0.0,0.0,0.0,0.0
1951-04-01,0.4352579,False,0,0,0.0,0.0,0.0,0.0,0.0
1951-05-01,0.14824766,False,0,0,0.0,0.0,0.0,0.0,0.0
1951-06-01,0.51044726,False,0,0,0.0,0.0,0.0,0.0,0.0
1951-07-01,0.5482395,False,0,0,0.0,0.0,0.0,0.0,0.0
1951-08-01,0.51109695,False,0,0,0.0,0.0,0.0,0.0,0.0
1951-09-01,0.6077313,False,0,0,0.0,0.0,0.0,0.0,0.0
1951-10-01,-0.0009967785,False,0,0,0.0,0.0,0.0,0.0,0.0
1951-11-01,-0.33646637,False,0,0,0.0,0.0,0.0,0.0,0.0
1951-12-01,-0.17572233,False,0,0,0.0,0.0,0.0,0.0,0.0
1952-01-01,0.11326175,False,0,0,0.0,0.0,0.0,0.0,0.0
1952-02-01,0.14027165,False,0,0,0.0,0.0,0.0,0.0,0.0
1952-03-01,-0.14136684,False,0,0,0.0,0.0,0.0,0.0,0.0
1952-04-01,-0.17200972,False,0,0,0.0,0.0,0.0,0.0,0.0
1952-05-01,-0.101503454,False,0,0,0.0,0.0,0.0,0.0,0.0
1952-06-01,-0.57148665,False,0,0,0.0,0.0,0.0,0.0,0.0
1952-07-01,-0.6297579,False,0,0,0.0,0.0,0.0,0.0,0.0
1952-08-01,-0.5701993,False,0,0,0.0,0.0,0.0,0.0,0.0
1952-09-01,-0.62829065,False,0,0,0.0,0.0,0.0,0.0,0.0
1952-10-01,-0.17671016,False,0,0,0.0,0.0,0.0,0.0,0.0
1952-11-01,0.14216089,False,0,0,0.0,0.0,0.0,0.0,0.0
1952-12-01,-0.34670556,False,0,0,0.0,0.0,0.0,0.0,0.0
1953-01-01,-0.79423124,False,0,0,0.0,0.0,0.0,0.0,0.0
1953-02-01,-1.3675617,True,1,1,0.16756165027618408,0.16756165027618408,0.16756165027618408,-1.3675616979599,0.16756165027618408
1953-03-01,-1.4126263,True,1,2,0.38018786907196045,0.21262621879577637,0.19009393453598022,-1.4126262664794922,0.21262621879577637
1953-04-01,-1.4821066,True,1,3,0.6622943878173828,0.28210651874542236,0.22076480090618134,-1.4821065664291382,0.28210651874542236
1953-05-01,-1.4661425,True,1,4,0.9284368753433228,0.26614248752593994,0.2321092188358307,-1.4821065664291382,0.26614248752593994
1953-06-01,-1.5885912,True,1,5,1.3170280456542969,0.3885911703109741,0.26340562105178833,-1.58859121799469,0.3885911703109741
1953-07-01,-1.2444977,True,1,6,1.3615256547927856,0.04449760913848877,0.226920947432518,-1.58859121799469,0.04449760913848877
1953-08-01,-1.3354714,True,1,7,1.4969969987869263,0.13547134399414062,0.21385671198368073,-1.58859121799469,0.13547134399414062
1953-09-01,-1.6183894,True,1,8,1.9153863191604614,0.41838932037353516,0.23942328989505768,-1.618389368057251,0.41838932037353516
1953-10-01,-1.9177587,True,1,9,2.6331448554992676,0.7177586555480957,0.29257166385650635,-1.9177587032318115,0.7177586555480957
1953-11-01,-1.6196798,True,1,10,3.0528244972229004,0.41967976093292236,0.30528244376182556,-1.9177587032318115,0.41967976093292236
1953-12-01,-0.8519064,False,0,0,0.0,0.0,0.0,0.0,0.0
1954-01-01,-0.70540893,False,0,0,0.0,0.0,0.0,0.0,0.0
1954-02-01,-0.40934557,False,0,0,0.0,0.0,0.0,0.0,0.0
1954-03-01,-0.5976926,False,0,0,0.0,0.0,0.0,0.0,0.0
1954-04-01,-0.4169128,False,0,0,0.0,0.0,0.0,0.0,0.0
1954-05-01,-0.20336811,False,0,0,0.0,0.0,0.0,0.0,0.0
1954-06-01,0.18610032,False,0,0,0.0,0.0,0.0,0.0,0.0
1954-07-01,-0.0030407542,False,0,0,0.0,0.0,0.0,0.0,0.0
1954-08-01,0.060749076,False,0,0,0.0,0.0,0.0,0.0,0.0
1954-09-01,0.31902793,False,0,0,0.0,0.0,0.0,0.0,0.0
1954-10-01,0.4242706,False,0,0,0.0,0.0,0.0,0.0,0.0
1954-11-01,0.6238034,False,0,0,0.0,0.0,0.0,0.0,0.0
1954-12-01,0.4149515,False,0,0,0.0,0.0,0.0,0.0,0.0
1955-01-01,0.4957172,False,0,0,0.0,0.0,0.0,0.0,0.0
1955-02-01,0.6387964,False,0,0,0.0,0.0,0.0,0.0,0.0
1955-03-01,0.9212176,False,0,0,0.0,0.0,0.0,0.0,0.0
1955-04-01,0.80245024,False,0,0,0.0,0.0,0.0,0.0,0.0
1955-05-01,0.88683224,False,0,0,0.0,0.0,0.0,0.0,0.0
1955-06-01,0.9586821,False,0,0,0.0,0.0,0.0,0.0,0.0
1955-07-01,1.8400959,False,0,0,0.0,0.0,0.0,0.0,0.0
1955-08-01,1.8477334,False,0,0,0.0,0.0,0.0,0.0,0.0
1955-09-01,1.9641769,False,0,0,0.0,0.0,0.0,0.0,0.0
1955-10-01,1.9767308,False,0,0,0.0,0.0,0.0,0.0,0.0
1955-11-01,1.6002644,False,0,0,0.0,0.0,0.0,0.0,0.0
1955-12-01,1.4593287,False,0,0,0.0,0.0,0.0,0.0,0.0
1956-01-01,1.3845499,False,0,0,0.0,0.0,0.0,0.0,0.0
1956-02-01,1.1645199,False,0,0,0.0,0.0,0.0,0.0,0.0
1956-03-01,0.9254672,False,0,0,0.0,0.0,0.0,0.0,0.0
1956-04-01,1.0168997,False,0,0,0.0,0.0,0.0,0.0,0.0
1956-05-01,0.9097884,False,0,0,0.0,0.0,0.0,0.0,0.0
1956-06-01,1.2617177,False,0,0,0.0,0.0,0.0,0.0,0.0
1956-07-01,1.3819739,False,0,0,0.0,0.0,0.0,0.0,0.0
1956-08-01,1.6231362,False,0,0,0.0,0.0,0.0,0.0,0.0
1956-09-01,1.5871894,False,0,0,0.0,0.0,0.0,0.0,0.0
1956-10-01,1.638621,False,0,0,0.0,0.0,0.0,0.0,0.0
1956-11-01,0.89558935,False,0,0,0.0,0.0,0.0,0.0,0.0
1956-12-01,1.0811567,False,0,0,0.0,0.0,0.0,0.0,0.0
1957-01-01,0.99684995,False,0,0,0.0,0.0,0.0,0.0,0.0
1957-02-01,1.2528661,False,0,0,0.0,0.0,0.0,0.0,0.0
1957-03-01,1.6241468,False,0,0,0.0,0.0,0.0,0.0,0.0
1957-04-01,1.5872029,False,0,0,0.0,0.0,0.0,0.0,0.0
1957-05-01,1.426529,False,0,0,0.0,0.0,0.0,0.0,0.0
1957-06-01,0.7677804,False,0,0,0.0,0.0,0.0,0.0,0.0
1957-07-01,1.3580992,False,0,0,0.0,0.0,0.0,0.0,0.0
1957-08-01,1.1682065,False,0,0,0.0,0.0,0.0,0.0,0.0
1957-09-01,1.2977726,False,0,0,0.0,0.0,0.0,0.0,0.0
1957-10-01,0.5117175,False,0,0,0.0,0.0,0.0,0.0,0.0
1957-11-01,0.42050272,False,0,0,0.0,0.0,0.0,0.0,0.0
1957-12-01,0.099118374,False,0,0,0.0,0.0,0.0,0.0,0.0
1958-01-01,-0.1388793,False,0,0,0.0,0.0,0.0,0.0,0.0
1958-02-01,-0.010036261,False,0,0,0.0,0.0,0.0,0.0,0.0
1958-03-01,-0.10321525,False,0,0,0.0,0.0,0.0,0.0,0.0
1958-04-01,0.07202748,False,0,0,0.0,0.0,0.0,0.0,0.0
1958-05-01,0.19374447,False,0,0,0.0,0.0,0.0,0.0,0.0
1958-06-01,0.42300436,False,0,0,0.0,0.0,0.0,0.0,0.0
1958-07-01,-0.97433907,False,0,0,0.0,0.0,0.0,0.0,0.0
1958-08-01,-0.89142436,False,0,0,0.0,0.0,0.0,0.0,0.0
1958-09-01,-0.6563657,False,0,0,0.0,0.0,0.0,0.0,0.0
1958-10-01,0.57124454,False,0,0,0.0,0.0,0.0,0.0,0.0
1958-11-01,0.42909512,False,0,0,0.0,0.0,0.0,0.0,0.0
1958-12-01,0.5466792,False,0,0,0.0,0.0,0.0,0.0,0.0
1959-01-01,0.5313281,False,0,0,0.0,0.0,0.0,0.0,0.0
1959-02-01,0.4009623,False,0,0,0.0,0.0,0.0,0.0,0.0
1959-03-01,0.49418163,False,0,0,0.0,0.0,0.0,0.0,0.0
1959-04-01,0.469622,False,0,0,0.0,0.0,0.0,0.0,0.0
1959-05-01,0.6081881,False,0,0,0.0,0.0,0.0,0.0,0.0
1959-06-01,0.66606134,False,0,0,0.0,0.0,0.0,0.0,0.0
1959-07-01,0.6188338,False,0,0,0.0,0.0,0.0,0.0,0.0
1959-08-01,0.45655772,False,0,0,0.0,0.0,0.0,0.0,0.0
1959-09-01,0.45890576,False,0,0,0.0,0.0,0.0,0.0,0.0
1959-10-01,-0.5411537,False,0,0,0.0,0.0,0.0,0.0,0.0
1959-11-01,-0.33145592,False,0,0,0.0,0.0,0.0,0.0,0.0
1959-12-01,0.012949471,False,0,0,0.0,0.0,0.0,0.0,0.0
1960-01-01,0.35729674,False,0,0,0.0,0.0,0.0,0.0,0.0
1960-02-01,0.28436652,False,0,0,0.0,0.0,0.0,0.0,0.0
1960-03-01,0.21359813,False,0,0,0.0,0.0,0.0,0.0,0.0
1960-04-01,0.19881059,False,0,0,0.0,0.0,0.0,0.0,0.0
1960-05-01,0.47567612,False,0,0,0.0,0.0,0.0,0.0,0.0
1960-06-01,0.4496713,False,0,0,0.0,0.0,0.0,0.0,0.0
1960-07-01,0.5513601,False,0,0,0.0,0.0,0.0,0.0,0.0
1960-08-01,0.65530664,False,0,0,0.0,0.0,0.0,0.0,0.0
1960-09-01,0.7330127,False,0,0,0.0,0.0,0.0,0.0,0.0
1960-10-01,0.645094,False,0,0,0.0,0.0,0.0,0.0,0.0
1960-11-01,0.8315788,False,0,0,0.0,0.0,0.0,0.0,0.0
1960-12-01,0.029561393,False,0,0,0.0,0.0,0.0,0.0,0.0
1961-01-01,-0.18641047,False,0,0,0.0,0.0,0.0,0.0,0.0
1961-02-01,-0.017885732,False,0,0,0.0,0.0,0.0,0.0,0.0
1961-03-01,-0.08042656,False,0,0,0.0,0.0,0.0,0.0,0.0
1961-04-01,-0.03504367,False,0,0,0.0,0.0,0.0,0.0,0.0
1961-05-01,-0.460918,False,0,0,0.0,0.0,0.0,0.0,0.0
1961-06-01,-0.5701967,False,0,0,0.0,0.0,0.0,0.0,0.0
1961-07-01,-0.9036965,False,0,0,0.0,0.0,0.0,0.0,0.0
1961-08-01,-1.0518439,False,0,0,0.0,0.0,0.0,0.0,0.0
1961-09-01,-1.4896264,True,94,1,0.2896263599395752,0.2896263599395752,0.2896263599395752,-1.489626407623291,0.2896263599395752
1961-10-01,-1.5170261,True,94,2,0.6066523790359497,0.3170260190963745,0.30332618951797485,-1.5170260667800903,0.3170260190963745
1961-11-01,-1.6621225,True,94,3,1.0687748193740845,0.46212244033813477,0.3562582731246948,-1.6621224880218506,0.46212244033813477
1961-12-01,-1.2296958,True,94,4,1.0984705686569214,0.029695749282836914,0.27461764216423035,-1.6621224880218506,0.029695749282836914
1962-01-01,-0.4866447,False,0,0,0.0,0.0,0.0,0.0,0.0
1962-02-01,-0.592541,False,0,0,0.0,0.0,0.0,0.0,0.0
1962-03-01,-0.4683646,False,0,0,0.0,0.0,0.0,0.0,0.0
1962-04-01,-0.31219614,False,0,0,0.0,0.0,0.0,0.0,0.0
1962-05-01,-0.37372172,False,0,0,0.0,0.0,0.0,0.0,0.0
1962-06-01,-0.35723,False,0,0,0.0,0.0,0.0,0.0,0.0
1962-07-01,-0.19232081,False,0,0,0.0,0.0,0.0,0.0,0.0
1962-08-01,-0.08061711,False,0,0,0.0,0.0,0.0,0.0,0.0
1962-09-01,-0.10382974,False,0,0,0.0,0.0,0.0,0.0,0.0
1962-10-01,0.65876025,False,0,0,0.0,0.0,0.0,0.0,0.0
1962-11-01,0.5217035,False,0,0,0.0,0.0,0.0,0.0,0.0
1962-12-01,1.1590996,False,0,0,0.0,0.0,0.0,0.0,0.0
1963-01-01,0.9146812,False,0,0,0.0,0.0,0.0,0.0,0.0
1963-02-01,0.94814044,False,0,0,0.0,0.0,0.0,0.0,0.0
1963-03-01,1.0051229,False,0,0,0.0,0.0,0.0,0.0,0.0
1963-04-01,0.8678139,False,0,0,0.0,0.0,0.0,0.0,0.0
1963-05-01,0.81884813,False,0,0,0.0,0.0,0.0,0.0,0.0
1963-06-01,0.7248416,False,0,0,0.0,0.0,0.0,0.0,0.0
1963-07-01,0.44974348,False,0,0,0.0,0.0,0.0,0.0,0.0
1963-08-01,0.37321016,False,0,0,0.0,0.0,0.0,0.0,0.0
1963-09-01,0.5096731,False,0,0,0.0,0.0,0.0,0.0,0.0
1963-10-01,-0.40356237,False,0,0,0.0,0.0,0.0,0.0,0.0
1963-11-01,-0.40575632,False,0,0,0.0,0.0,0.0,0.0,0.0
1963-12-01,-1.0608743,False,0,0,0.0,0.0,0.0,0.0,0.0
1964-01-01,-1.2237005,True,118,1,0.023700475692749023,0.023700475692749023,0.023700475692749023,-1.2237005233764648,0.023700475692749023
1964-02-01,-1.5763949,True,118,2,0.4000953435897827,0.3763948678970337,0.20004767179489136,-1.5763949155807495,0.3763948678970337
1964-03-01,-1.7814076,True,118,3,0.981502890586853,0.5814075469970703,0.3271676301956177,-1.7814075946807861,0.5814075469970703
1964-04-01,-2.0070395,True,118,4,1.78854238986969,0.8070394992828369,0.4471355974674225,-2.0070395469665527,0.8070394992828369
1964-05-01,-1.9312128,True,118,5,2.5197551250457764,0.7312127351760864,0.5039510130882263,-2.0070395469665527,0.7312127351760864
1964-06-01,-2.0728407,True,118,6,3.3925957679748535,0.8728406429290771,0.565432608127594,-2.072840690612793,0.8728406429290771
1964-07-01,-1.9710174,True,118,7,4.163613319396973,0.77101731300354,0.5948019027709961,-2.072840690612793,0.77101731300354
1964-08-01,-1.8814543,True,118,8,4.845067501068115,0.6814543008804321,0.6056334376335144,-2.072840690612793,0.6814543008804321
1964-09-01,-1.7918044,True,118,9,5.4368720054626465,0.5918043851852417,0.6040968894958496,-2.072840690612793,0.5918043851852417
1964-10-01,0.16792269,False,0,0,0.0,0.0,0.0,0.0,0.0
1964-11-01,0.48819363,False,0,0,0.0,0.0,0.0,0.0,0.0
1964-12-01,0.22037128,False,0,0,0.0,0.0,0.0,0.0,0.0
1965-01-01,0.5889857,False,0,0,0.0,0.0,0.0,0.0,0.0
1965-02-01,0.64716995,False,0,0,0.0,0.0,0.0,0.0,0.0
1965-03-01,0.5281257,False,0,0,0.0,0.0,0.0,0.0,0.0
1965-04-01,0.5607355,False,0,0,0.0,0.0,0.0,0.0,0.0
1965-05-01,0.45781106,False,0,0,0.0,0.0,0.0,0.0,0.0
1965-06-01,0.44165084,False,0,0,0.0,0.0,0.0,0.0,0.0
1965-07-01,0.3795007,False,0,0,0.0,0.0,0.0,0.0,0.0
1965-08-01,0.29438826,False,0,0,0.0,0.0,0.0,0.0,0.0
1965-09-01,-0.08386701,False,0,0,0.0,0.0,0.0,0.0,0.0
1965-10-01,-1.9241458,True,130,1,0.724145770072937,0.724145770072937,0.724145770072937,-1.9241458177566528,0.724145770072937
1965-11-01,-2.0012047,True,130,2,1.5253504514694214,0.8012046813964844,0.7626752257347107,-2.0012047290802,0.8012046813964844
1965-12-01,-0.99145544,False,0,0,0.0,0.0,0.0,0.0,0.0
1966-01-01,-1.0122583,False,0,0,0.0,0.0,0.0,0.0,0.0
1966-02-01,-0.91486144,False,0,0,0.0,0.0,0.0,0.0,0.0
1966-03-01,-0.7161689,False,0,0,0.0,0.0,0.0,0.0,0.0
1966-04-01,-0.69761217,False,0,0,0.0,0.0,0.0,0.0,0.0
1966-05-01,-0.892559,False,0,0,0.0,0.0,0.0,0.0,0.0
1966-06-01,-0.7682885,False,0,0,0.0,0.0,0.0,0.0,0.0
1966-07-01,-0.9219438,False,0,0,0.0,0.0,0.0,0.0,0.0
1966-08-01,-0.91592026,False,0,0,0.0,0.0,0.0,0.0,0.0
1966-09-01,-0.79990375,False,0,0,0.0,0.0,0.0,0.0,0.0
1966-10-01,-0.23550835,False,0,0,0.0,0.0,0.0,0.0,0.0
1966-11-01,0.13854884,False,0,0,0.0,0.0,0.0,0.0,0.0
1966-12-01,0.27211258,False,0,0,0.0,0.0,0.0,0.0,0.0
1967-01-01,0.64296716,False,0,0,0.0,0.0,0.0,0.0,0.0
1967-02-01,0.74707985,False,0,0,0.0,0.0,0.0,0.0,0.0
1967-03-01,0.6742044,False,0,0,0.0,0.0,0.0,0.0,0.0
1967-04-01,0.6922646,False,0,0,0.0,0.0,0.0,0.0,0.0
1967-05-01,0.700141,False,0,0,0.0,0.0,0.0,0.0,0.0
1967-06-01,0.5501703,False,0,0,0.0,0.0,0.0,0.0,0.0
1967-07-01,0.6020866,False,0,0,0.0,0.0,0.0,0.0,0.0
1967-08-01,0.59933037,False,0,0,0.0,0.0,0.0,0.0,0.0
1967-09-01,0.56228906,False,0,0,0.0,0.0,0.0,0.0,0.0
1967-10-01,0.091556154,False,0,0,0.0,0.0,0.0,0.0,0.0
1967-11-01,-0.22929157,False,0,0,0.0,0.0,0.0,0.0,0.0
1967-12-01,0.17886263,False,0,0,0.0,0.0,0.0,0.0,0.0
1968-01-01,0.39037707,False,0,0,0.0,0.0,0.0,0.0,0.0
1968-02-01,0.15603788,False,0,0,0.0,0.0,0.0,0.0,0.0
1968-03-01,0.19928311,False,0,0,0.0,0.0,0.0,0.0,0.0
1968-04-01,0.43430075,False,0,0,0.0,0.0,0.0,0.0,0.0
1968-05-01,1.3216572,False,0,0,0.0,0.0,0.0,0.0,0.0
1968-06-01,1.7567062,False,0,0,0.0,0.0,0.0,0.0,0.0
1968-07-01,3.09,False,0,0,0.0,0.0,0.0,0.0,0.0
1968-08-01,3.09,False,0,0,0.0,0.0,0.0,0.0,0.0
1968-09-01,3.09,False,0,0,0.0,0.0,0.0,0.0,0.0
1968-10-01,3.09,False,0,0,0.0,0.0,0.0,0.0,0.0
1968-11-01,3.09,False,0,0,0.0,0.0,0.0,0.0,0.0
1968-12-01,2.4075365,False,0,0,0.0,0.0,0.0,0.0,0.0
1969-01-01,1.6255244,False,0,0,0.0,0.0,0.0,0.0,0.0
1969-02-01,1.6652596,False,0,0,0.0,0.0,0.0,0.0,0.0
1969-03-01,1.5780478,False,0,0,0.0,0.0,0.0,0.0,0.0
1969-04-01,1.5001893,False,0,0,0.0,0.0,0.0,0.0,0.0
1969-05-01,1.0834438,False,0,0,0.0,0.0,0.0,0.0,0.0
1969-06-01,0.8407265,False,0,0,0.0,0.0,0.0,0.0,0.0
1969-07-01,-1.2859032,True,173,1,0.08590316772460938,0.08590316772460938,0.08590316772460938,-1.2859032154083252,0.08590316772460938
1969-08-01,-1.4894753,True,173,2,0.3753783702850342,0.2894752025604248,0.1876891851425171,-1.4894752502441406,0.2894752025604248
1969-09-01,-1.73321,True,173,3,0.9085882902145386,0.5332099199295044,0.3028627634048462,-1.7332099676132202,0.5332099199295044
1969-10-01,-1.604952,True,173,4,1.3135402202606201,0.40495193004608154,0.32838505506515503,-1.7332099676132202,0.40495193004608154
1969-11-01,-1.4084362,True,173,5,1.521976351737976,0.20843613147735596,0.30439525842666626,-1.7332099676132202,0.20843613147735596
1969-12-01,-2.039384,True,173,6,2.3613600730895996,0.8393838405609131,0.3935600221157074,-2.039383888244629,0.8393838405609131
1970-01-01,-1.4833137,True,173,7,2.6446738243103027,0.2833136320114136,0.377810537815094,-2.039383888244629,0.2833136320114136
1970-02-01,-1.545657,True,173,8,2.990330696105957,0.34565699100494385,0.37379133701324463,-2.039383888244629,0.34565699100494385
1970-03-01,-1.3789815,True,173,9,3.169312000274658,0.17898142337799072,0.352145791053772,-2.039383888244629,0.17898142337799072
1970-04-01,-1.3786691,True,173,10,3.3479809761047363,0.17866909503936768,0.33479809761047363,-2.039383888244629,0.17866909503936768
1970-05-01,-1.5096064,True,173,11,3.6575872898101807,0.30960631370544434,0.3325079381465912,-2.039383888244629,0.30960631370544434
1970-06-01,-1.5451055,True,173,12,4.002692699432373,0.3451054096221924,0.33355772495269775,-2.039383888244629,0.3451054096221924
1970-07-01,-1.4461621,True,173,13,4.248854637145996,0.2461620569229126,0.3268349766731262,-2.039383888244629,0.2461620569229126
1970-08-01,-1.5567136,True,173,14,4.605567932128906,0.35671353340148926,0.32896915078163147,-2.039383888244629,0.35671353340148926
1970-09-01,-1.2753135,True,173,15,4.680881500244141,0.07531344890594482,0.31205877661705017,-2.039383888244629,0.07531344890594482
1970-10-01,-1.2487526,True,173,16,4.7296342849731445,0.048752546310424805,0.29560214281082153,-2.039383888244629,0.048752546310424805
1970-11-01,-0.70218897,False,0,0,0.0,0.0,0.0,0.0,0.0
1970-12-01,-0.31972277,False,0,0,0.0,0.0,0.0,0.0,0.0
1971-01-01,-0.15618202,False,0,0,0.0,0.0,0.0,0.0,0.0
1971-02-01,0.17333703,False,0,0,0.0,0.0,0.0,0.0,0.0
1971-03-01,0.08034868,False,0,0,0.0,0.0,0.0,0.0,0.0
1971-04-01,-0.14917156,False,0,0,0.0,0.0,0.0,0.0,0.0
1971-05-01,-0.34051323,False,0,0,0.0,0.0,0.0,0.0,0.0
1971-06-01,-0.061960407,False,0,0,0.0,0.0,0.0,0.0,0.0
1971-07-01,-0.27700886,False,0,0,0.0,0.0,0.0,0.0,0.0
1971-08-01,-0.21064878,False,0,0,0.0,0.0,0.0,0.0,0.0
1971-09-01,-0.22778408,False,0,0,0.0,0.0,0.0,0.0,0.0
1971-10-01,0.8268158,False,0,0,0.0,0.0,0.0,0.0,0.0
1971-11-01,0.9432262,False,0,0,0.0,0.0,0.0,0.0,0.0
1971-12-01,1.1504288,False,0,0,0.0,0.0,0.0,0.0,0.0
1972-01-01,0.827645,False,0,0,0.0,0.0,0.0,0.0,0.0
1972-02-01,0.5578892,False,0,0,0.0,0.0,0.0,0.0,0.0
1972-03-01,0.5741762,False,0,0,0.0,0.0,0.0,0.0,0.0
1972-04-01,0.58469164,False,0,0,0.0,0.0,0.0,0.0,0.0
1972-05-01,0.85930294,False,0,0,0.0,0.0,0.0,0.0,0.0
1972-06-01,0.51158506,False,0,0,0.0,0.0,0.0,0.0,0.0
1972-07-01,0.47178742,False,0,0,0.0,0.0,0.0,0.0,0.0
1972-08-01,0.42820764,False,0,0,0.0,0.0,0.0,0.0,0.0
1972-09-01,0.04241781,False,0,0,0.0,0.0,0.0,0.0,0.0
1972-10-01,-1.2800254,True,196,1,0.080025315284729,0.080025315284729,0.080025315284729,-1.2800253629684448,0.080025315284729
1972-11-01,-1.5179366,True,196,2,0.3979618549346924,0.3179365396499634,0.1989809274673462,-1.5179365873336792,0.3179365396499634
1972-12-01,-1.4422722,True,196,3,0.6402339935302734,0.24227213859558105,0.2134113311767578,-1.5179365873336792,0.24227213859558105
1973-01-01,-0.655507,False,0,0,0.0,0.0,0.0,0.0,0.0
1973-02-01,-0.46708524,False,0,0,0.0,0.0,0.0,0.0,0.0
1973-03-01,-0.3797876,False,0,0,0.0,0.0,0.0,0.0,0.0
1973-04-01,-0.14114381,False,0,0,0.0,0.0,0.0,0.0,0.0
1973-05-01,0.13348122,False,0,0,0.0,0.0,0.0,0.0,0.0
1973-06-01,0.31320238,False,0,0,0.0,0.0,0.0,0.0,0.0
1973-07-01,1.1600931,False,0,0,0.0,0.0,0.0,0.0,0.0
1973-08-01,1.3014317,False,0,0,0.0,0.0,0.0,0.0,0.0
1973-09-01,2.1167367,False,0,0,0.0,0.0,0.0,0.0,0.0
1973-10-01,2.3963308,False,0,0,0.0,0.0,0.0,0.0,0.0
1973-11-01,2.5714343,False,0,0,0.0,0.0,0.0,0.0,0.0
1973-12-01,2.201321,False,0,0,0.0,0.0,0.0,0.0,0.0
1974-01-01,1.7317901,False,0,0,0.0,0.0,0.0,0.0,0.0
1974-02-01,1.8678206,False,0,0,0.0,0.0,0.0,0.0,0.0
1974-03-01,1.7193817,False,0,0,0.0,0.0,0.0,0.0,0.0
1974-04-01,1.6994337,False,0,0,0.0,0.0,0.0,0.0,0.0
1974-05-01,1.4246503,False,0,0,0.0,0.0,0.0,0.0,0.0
1974-06-01,1.5456523,False,0,0,0.0,0.0,0.0,0.0,0.0
1974-07-01,1.1274532,False,0,0,0.0,0.0,0.0,0.0,0.0
1974-08-01,1.1957656,False,0,0,0.0,0.0,0.0,0.0,0.0
1974-09-01,1.1230289,False,0,0,0.0,0.0,0.0,0.0,0.0
1974-10-01,1.5024745,False,0,0,0.0,0.0,0.0,0.0,0.0
1974-11-01,0.8520319,False,0,0,0.0,0.0,0.0,0.0,0.0
1974-12-01,0.5527724,False,0,0,0.0,0.0,0.0,0.0,0.0
1975-01-01,0.5615259,False,0,0,0.0,0.0,0.0,0.0,0.0
1975-02-01,0.53772545,False,0,0,0.0,0.0,0.0,0.0,0.0
1975-03-01,0.9460434,False,0,0,0.0,0.0,0.0,0.0,0.0
1975-04-01,1.1202146,False,0,0,0.0,0.0,0.0,0.0,0.0
1975-05-01,1.5746236,False,0,0,0.0,0.0,0.0,0.0,0.0
1975-06-01,1.6319885,False,0,0,0.0,0.0,0.0,0.0,0.0
1975-07-01,1.8488934,False,0,0,0.0,0.0,0.0,0.0,0.0
1975-08-01,1.8260468,False,0,0,0.0,0.0,0.0,0.0,0.0
1975-09-01,2.5212162,False,0,0,0.0,0.0,0.0,0.0,0.0
1975-10-01,3.09,False,0,0,0.0,0.0,0.0,0.0,0.0
1975-11-01,2.7426143,False,0,0,0.0,0.0,0.0,0.0,0.0
1975-12-01,2.7268398,False,0,0,0.0,0.0,0.0,0.0,0.0
1976-01-01,2.2894084,False,0,0,0.0,0.0,0.0,0.0,0.0
1976-02-01,2.1676126,False,0,0,0.0,0.0,0.0,0.0,0.0
1976-03-01,2.061366,False,0,0,0.0,0.0,0.0,0.0,0.0
1976-04-01,1.8890359,False,0,0,0.0,0.0,0.0,0.0,0.0
1976-05-01,1.5155414,False,0,0,0.0,0.0,0.0,0.0,0.0
1976-06-01,1.6178628,False,0,0,0.0,0.0,0.0,0.0,0.0
1976-07-01,1.5828613,False,0,0,0.0,0.0,0.0,0.0,0.0
1976-08-01,1.541811,False,0,0,0.0,0.0,0.0,0.0,0.0
1976-09-01,0.57687956,False,0,0,0.0,0.0,0.0,0.0,0.0
1976-10-01,-0.03888597,False,0,0,0.0,0.0,0.0,0.0,0.0
1976-11-01,0.30363938,False,0,0,0.0,0.0,0.0,0.0,0.0
1976-12-01,-0.015834272,False,0,0,0.0,0.0,0.0,0.0,0.0
1977-01-01,0.3377819,False,0,0,0.0,0.0,0.0,0.0,0.0
1977-02-01,0.93951637,False,0,0,0.0,0.0,0.0,0.0,0.0
1977-03-01,1.0589429,False,0,0,0.0,0.0,0.0,0.0,0.0
1977-04-01,1.1999143,False,0,0,0.0,0.0,0.0,0.0,0.0
1977-05-01,1.4185425,False,0,0,0.0,0.0,0.0,0.0,0.0
1977-06-01,1.5979004,False,0,0,0.0,0.0,0.0,0.0,0.0
1977-07-01,1.6966611,False,0,0,0.0,0.0,0.0,0.0,0.0
1977-08-01,1.7226505,False,0,0,0.0,0.0,0.0,0.0,0.0
1977-09-01,1.9537303,False,0,0,0.0,0.0,0.0,0.0,0.0
1977-10-01,0.48695025,False,0,0,0.0,0.0,0.0,0.0,0.0
1977-11-01,-0.3802197,False,0,0,0.0,0.0,0.0,0.0,0.0
1977-12-01,-0.008753832,False,0,0,0.0,0.0,0.0,0.0,0.0
1978-01-01,0.17905061,False,0,0,0.0,0.0,0.0,0.0,0.0
1978-02-01,-0.26751697,False,0,0,0.0,0.0,0.0,0.0,0.0
1978-03-01,-0.2440862,False,0,0,0.0,0.0,0.0,0.0,0.0
1978-04-01,-0.13131578,False,0,0,0.0,0.0,0.0,0.0,0.0
1978-05-01,0.2243844,False,0,0,0.0,0.0,0.0,0.0,0.0
1978-06-01,1.1215426,False,0,0,0.0,0.0,0.0,0.0,0.0
1978-07-01,1.8716785,False,0,0,0.0,0.0,0.0,0.0,0.0
1978-08-01,2.0710812,False,0,0,0.0,0.0,0.0,0.0,0.0
1978-09-01,2.4223237,False,0,0,0.0,0.0,0.0,0.0,0.0
1978-10-01,2.6213503,False,0,0,0.0,0.0,0.0,0.0,0.0
1978-11-01,2.4567764,False,0,0,0.0,0.0,0.0,0.0,0.0
1978-12-01,2.1643603,False,0,0,0.0,0.0,0.0,0.0,0.0
1979-01-01,1.658835,False,0,0,0.0,0.0,0.0,0.0,0.0
1979-02-01,1.7174431,False,0,0,0.0,0.0,0.0,0.0,0.0
1979-03-01,1.5928596,False,0,0,0.0,0.0,0.0,0.0,0.0
1979-04-01,1.6417644,False,0,0,0.0,0.0,0.0,0.0,0.0
1979-05-01,1.8442072,False,0,0,0.0,0.0,0.0,0.0,0.0
1979-06-01,1.326477,False,0,0,0.0,0.0,0.0,0.0,0.0
1979-07-01,0.868821,False,0,0,0.0,0.0,0.0,0.0,0.0
1979-08-01,0.7538513,False,0,0,0.0,0.0,0.0,0.0,0.0
1979-09-01,0.56437486,False,0,0,0.0,0.0,0.0,0.0,0.0
1979-10-01,0.1487996,False,0,0,0.0,0.0,0.0,0.0,0.0
1979-11-01,-0.30204782,False,0,0,0.0,0.0,0.0,0.0,0.0
1979-12-01,-0.4705143,False,0,0,0.0,0.0,0.0,0.0,0.0
1980-01-01,-0.24458292,False,0,0,0.0,0.0,0.0,0.0,0.0
1980-02-01,-0.32493275,False,0,0,0.0,0.0,0.0,0.0,0.0
1980-03-01,-0.45929816,False,0,0,0.0,0.0,0.0,0.0,0.0
1980-04-01,-0.3796012,False,0,0,0.0,0.0,0.0,0.0,0.0
1980-05-01,-1.0053596,False,0,0,0.0,0.0,0.0,0.0,0.0
1980-06-01,-1.4512999,True,285,1,0.2512998580932617,0.2512998580932617,0.2512998580932617,-1.4512999057769775,0.2512998580932617
1980-07-01,-1.5590093,True,285,2,0.6103091239929199,0.3590092658996582,0.30515456199645996,-1.559009313583374,0.3590092658996582
1980-08-01,-1.6777716,True,285,3,1.088080644607544,0.477771520614624,0.36269354820251465,-1.6777715682983398,0.477771520614624
1980-09-01,-2.0709412,True,285,4,1.959021806716919,0.870941162109375,0.48975545167922974,-2.070941209793091,0.870941162109375
1980-10-01,-1.6813027,True,285,5,2.440324306488037,0.4813026189804077,0.48806485533714294,-2.070941209793091,0.4813026189804077
1980-11-01,-0.8828964,False,0,0,0.0,0.0,0.0,0.0,0.0
1980-12-01,-0.52931005,False,0,0,0.0,0.0,0.0,0.0,0.0
1981-01-01,-0.3482192,False,0,0,0.0,0.0,0.0,0.0,0.0
1981-02-01,-0.37016982,False,0,0,0.0,0.0,0.0,0.0,0.0
1981-03-01,-0.2850624,False,0,0,0.0,0.0,0.0,0.0,0.0
1981-04-01,-0.37826312,False,0,0,0.0,0.0,0.0,0.0,0.0
1981-05-01,-0.2196644,False,0,0,0.0,0.0,0.0,0.0,0.0
1981-06-01,-0.040131345,False,0,0,0.0,0.0,0.0,0.0,0.0
1981-07-01,0.20454009,False,0,0,0.0,0.0,0.0,0.0,0.0
1981-08-01,0.23074125,False,0,0,0.0,0.0,0.0,0.0,0.0
1981-09-01,1.1236895,False,0,0,0.0,0.0,0.0,0.0,0.0
1981-10-01,1.0431311,False,0,0,0.0,0.0,0.0,0.0,0.0
1981-11-01,1.761762,False,0,0,0.0,0.0,0.0,0.0,0.0
1981-12-01,1.6006656,False,0,0,0.0,0.0,0.0,0.0,0.0
1982-01-01,1.3900651,False,0,0,0.0,0.0,0.0,0.0,0.0
1982-02-01,1.5070736,False,0,0,0.0,0.0,0.0,0.0,0.0
1982-03-01,1.5516677,False,0,0,0.0,0.0,0.0,0.0,0.0
1982-04-01,1.6876051,False,0,0,0.0,0.0,0.0,0.0,0.0
1982-05-01,1.6257443,False,0,0,0.0,0.0,0.0,0.0,0.0
1982-06-01,1.5702899,False,0,0,0.0,0.0,0.0,0.0,0.0
1982-07-01,1.3684615,False,0,0,0.0,0.0,0.0,0.0,0.0
1982-08-01,1.3931341,False,0,0,0.0,0.0,0.0,0.0,0.0
1982-09-01,0.6602212,False,0,0,0.0,0.0,0.0,0.0,0.0
1982-10-01,0.23626266,False,0,0,0.0,0.0,0.0,0.0,0.0
1982-11-01,-1.6259778,True,309,1,0.4259777069091797,0.4259777069091797,0.4259777069091797,-1.6259777545928955,0.4259777069091797
1982-12-01,-1.4510239,True,309,2,0.6770015954971313,0.25102388858795166,0.3385007977485657,-1.6259777545928955,0.25102388858795166
1983-01-01,-1.1339902,False,0,0,0.0,0.0,0.0,0.0,0.0
1983-02-01,-0.96550184,False,0,0,0.0,0.0,0.0,0.0,0.0
1983-03-01,-0.7873905,False,0,0,0.0,0.0,0.0,0.0,0.0
1983-04-01,-0.6337099,False,0,0,0.0,0.0,0.0,0.0,0.0
1983-05-01,-0.05568435,False,0,0,0.0,0.0,0.0,0.0,0.0
1983-06-01,0.010589201,False,0,0,0.0,0.0,0.0,0.0,0.0
1983-07-01,0.0854483,False,0,0,0.0,0.0,0.0,0.0,0.0
1983-08-01,0.052036557,False,0,0,0.0,0.0,0.0,0.0,0.0
1983-09-01,0.10390793,False,0,0,0.0,0.0,0.0,0.0,0.0
1983-10-01,1.4074268,False,0,0,0.0,0.0,0.0,0.0,0.0
1983-11-01,1.84215,False,0,0,0.0,0.0,0.0,0.0,0.0
1983-12-01,1.7161863,False,0,0,0.0,0.0,0.0,0.0,0.0
1984-01-01,1.6514648,False,0,0,0.0,0.0,0.0,0.0,0.0
1984-02-01,1.8773764,False,0,0,0.0,0.0,0.0,0.0,0.0
1984-03-01,1.9741956,False,0,0,0.0,0.0,0.0,0.0,0.0
1984-04-01,1.9013798,False,0,0,0.0,0.0,0.0,0.0,0.0
1984-05-01,1.7273504,False,0,0,0.0,0.0,0.0,0.0,0.0
1984-06-01,1.8631257,False,0,0,0.0,0.0,0.0,0.0,0.0
1984-07-01,2.0133328,False,0,0,0.0,0.0,0.0,0.0,0.0
1984-08-01,2.123608,False,0,0,0.0,0.0,0.0,0.0,0.0
1984-09-01,3.09,False,0,0,0.0,0.0,0.0,0.0,0.0
1984-10-01,2.7385843,False,0,0,0.0,0.0,0.0,0.0,0.0
1984-11-01,1.7553012,False,0,0,0.0,0.0,0.0,0.0,0.0
1984-12-01,1.5883468,False,0,0,0.0,0.0,0.0,0.0,0.0
1985-01-01,1.2101161,False,0,0,0.0,0.0,0.0,0.0,0.0
1985-02-01,1.0589201,False,0,0,0.0,0.0,0.0,0.0,0.0
1985-03-01,0.99608004,False,0,0,0.0,0.0,0.0,0.0,0.0
1985-04-01,0.9708659,False,0,0,0.0,0.0,0.0,0.0,0.0
1985-05-01,0.93268293,False,0,0,0.0,0.0,0.0,0.0,0.0
1985-06-01,1.0681965,False,0,0,0.0,0.0,0.0,0.0,0.0
1985-07-01,1.5941274,False,0,0,0.0,0.0,0.0,0.0,0.0
1985-08-01,1.5759163,False,0,0,0.0,0.0,0.0,0.0,0.0
1985-09-01,0.008426122,False,0,0,0.0,0.0,0.0,0.0,0.0
1985-10-01,0.05608698,False,0,0,0.0,0.0,0.0,0.0,0.0
1985-11-01,0.17874974,False,0,0,0.0,0.0,0.0,0.0,0.0
1985-12-01,-0.09853038,False,0,0,0.0,0.0,0.0,0.0,0.0
1986-01-01,0.07479861,False,0,0,0.0,0.0,0.0,0.0,0.0
1986-02-01,0.07432324,False,0,0,0.0,0.0,0.0,0.0,0.0
1986-03-01,0.31252939,False,0,0,0.0,0.0,0.0,0.0,0.0
1986-04-01,0.30106977,False,0,0,0.0,0.0,0.0,0.0,0.0
1986-05-01,0.2370946,False,0,0,0.0,0.0,0.0,0.0,0.0
1986-06-01,0.7522908,False,0,0,0.0,0.0,0.0,0.0,0.0
1986-07-01,0.49440923,False,0,0,0.0,0.0,0.0,0.0,0.0
1986-08-01,0.4944462,False,0,0,0.0,0.0,0.0,0.0,0.0
1986-09-01,0.67123955,False,0,0,0.0,0.0,0.0,0.0,0.0
1986-10-01,0.5931935,False,0,0,0.0,0.0,0.0,0.0,0.0
1986-11-01,0.49591836,False,0,0,0.0,0.0,0.0,0.0,0.0
1986-12-01,0.451603,False,0,0,0.0,0.0,0.0,0.0,0.0
1987-01-01,0.65268046,False,0,0,0.0,0.0,0.0,0.0,0.0
1987-02-01,0.46979424,False,0,0,0.0,0.0,0.0,0.0,0.0
1987-03-01,0.123466514,False,0,0,0.0,0.0,0.0,0.0,0.0
1987-04-01,-0.032749195,False,0,0,0.0,0.0,0.0,0.0,0.0
1987-05-01,0.13129112,False,0,0,0.0,0.0,0.0,0.0,0.0
1987-06-01,-0.40577447,False,0,0,0.0,0.0,0.0,0.0,0.0
1987-07-01,-0.6082122,False,0,0,0.0,0.0,0.0,0.0,0.0
1987-08-01,-0.6265666,False,0,0,0.0,0.0,0.0,0.0,0.0
1987-09-01,-0.874645,False,0,0,0.0,0.0,0.0,0.0,0.0
1987-10-01,-1.0609803,False,0,0,0.0,0.0,0.0,0.0,0.0
1987-11-01,-0.7167249,False,0,0,0.0,0.0,0.0,0.0,0.0
1987-12-01,-0.047782015,False,0,0,0.0,0.0,0.0,0.0,0.0
1988-01-01,-0.03100528,False,0,0,0.0,0.0,0.0,0.0,0.0
1988-02-01,-0.015807249,False,0,0,0.0,0.0,0.0,0.0,0.0
1988-03-01,0.29818353,False,0,0,0.0,0.0,0.0,0.0,0.0
1988-04-01,0.31493852,False,0,0,0.0,0.0,0.0,0.0,0.0
1988-05-01,0.37507564,False,0,0,0.0,0.0,0.0,0.0,0.0
1988-06-01,0.26568127,False,0,0,0.0,0.0,0.0,0.0,0.0
1988-07-01,0.33047274,False,0,0,0.0,0.0,0.0,0.0,0.0
1988-08-01,0.48707232,False,0,0,0.0,0.0,0.0,0.0,0.0
1988-09-01,0.6733046,False,0,0,0.0,0.0,0.0,0.0,0.0
1988-10-01,1.1662507,False,0,0,0.0,0.0,0.0,0.0,0.0
1988-11-01,1.219572,False,0,0,0.0,0.0,0.0,0.0,0.0
1988-12-01,0.63686925,False,0,0,0.0,0.0,0.0,0.0,0.0
1989-01-01,0.57496923,False,0,0,0.0,0.0,0.0,0.0,0.0
1989-02-01,0.8364243,False,0,0,0.0,0.0,0.0,0.0,0.0
1989-03-01,0.7782976,False,0,0,0.0,0.0,0.0,0.0,0.0
1989-04-01,0.9438313,False,0,0,0.0,0.0,0.0,0.0,0.0
1989-05-01,0.9334286,False,0,0,0.0,0.0,0.0,0.0,0.0
1989-06-01,1.4918393,False,0,0,0.0,0.0,0.0,0.0,0.0
1989-07-01,1.7675135,False,0,0,0.0,0.0,0.0,0.0,0.0
1989-08-01,1.7527797,False,0,0,0.0,0.0,0.0,0.0,0.0
1989-09-01,1.7296804,False,0,0,0.0,0.0,0.0,0.0,0.0
1989-10-01,1.1913241,False,0,0,0.0,0.0,0.0,0.0,0.0
1989-11-01,0.48579526,False,0,0,0.0,0.0,0.0,0.0,0.0
1989-12-01,0.34953296,False,0,0,0.0,0.0,0.0,0.0,0.0
1990-01-01,0.26333103,False,0,0,0.0,0.0,0.0,0.0,0.0
1990-02-01,-0.000353087,False,0,0,0.0,0.0,0.0,0.0,0.0
1990-03-01,-0.22031891,False,0,0,0.0,0.0,0.0,0.0,0.0
1990-04-01,-0.26068145,False,0,0,0.0,0.0,0.0,0.0,0.0
1990-05-01,-0.28461406,False,0,0,0.0,0.0,0.0,0.0,0.0
1990-06-01,-0.94933057,False,0,0,0.0,0.0,0.0,0.0,0.0
1990-07-01,-1.1810629,False,0,0,0.0,0.0,0.0,0.0,0.0
1990-08-01,-1.3164086,True,400,1,0.1164085865020752,0.1164085865020752,0.1164085865020752,-1.316408634185791,0.1164085865020752
1990-09-01,-1.4210342,True,400,2,0.3374427556991577,0.22103416919708252,0.16872137784957886,-1.4210342168807983,0.22103416919708252
1990-10-01,-1.4667017,True,400,3,0.6041444540023804,0.26670169830322266,0.20138148963451385,-1.4667017459869385,0.26670169830322266
1990-11-01,-1.3921531,True,400,4,0.796297550201416,0.19215309619903564,0.199074387550354,-1.4667017459869385,0.19215309619903564
1990-12-01,-0.8839398,False,0,0,0.0,0.0,0.0,0.0,0.0
1991-01-01,-0.716035,False,0,0,0.0,0.0,0.0,0.0,0.0
1991-02-01,-0.6515123,False,0,0,0.0,0.0,0.0,0.0,0.0
1991-03-01,-0.91168517,False,0,0,0.0,0.0,0.0,0.0,0.0
1991-04-01,-0.5924504,False,0,0,0.0,0.0,0.0,0.0,0.0
1991-05-01,-0.8104654,False,0,0,0.0,0.0,0.0,0.0,0.0
1991-06-01,-0.9173036,False,0,0,0.0,0.0,0.0,0.0,0.0
1991-07-01,-1.0511079,False,0,0,0.0,0.0,0.0,0.0,0.0
1991-08-01,-1.1200109,False,0,0,0.0,0.0,0.0,0.0,0.0
1991-09-01,-1.1514206,False,0,0,0.0,0.0,0.0,0.0,0.0
1991-10-01,-1.2955034,True,410,1,0.09550333023071289,0.09550333023071289,0.09550333023071289,-1.2955033779144287,0.09550333023071289
1991-11-01,-0.6137135,False,0,0,0.0,0.0,0.0,0.0,0.0
1991-12-01,-0.61611235,False,0,0,0.0,0.0,0.0,0.0,0.0
1992-01-01,-0.62182784,False,0,0,0.0,0.0,0.0,0.0,0.0
1992-02-01,-0.6648085,False,0,0,0.0,0.0,0.0,0.0,0.0
1992-03-01,-0.29641923,False,0,0,0.0,0.0,0.0,0.0,0.0
1992-04-01,-0.6170654,False,0,0,0.0,0.0,0.0,0.0,0.0
1992-05-01,-0.5297276,False,0,0,0.0,0.0,0.0,0.0,0.0
1992-06-01,-0.5466912,False,0,0,0.0,0.0,0.0,0.0,0.0
1992-07-01,-0.7021872,False,0,0,0.0,0.0,0.0,0.0,0.0
1992-08-01,-0.6731393,False,0,0,0.0,0.0,0.0,0.0,0.0
1992-09-01,-0.37220752,False,0,0,0.0,0.0,0.0,0.0,0.0
1992-10-01,0.41528478,False,0,0,0.0,0.0,0.0,0.0,0.0
1992-11-01,0.48792753,False,0,0,0.0,0.0,0.0,0.0,0.0
1992-12-01,0.647519,False,0,0,0.0,0.0,0.0,0.0,0.0
1993-01-01,0.6550575,False,0,0,0.0,0.0,0.0,0.0,0.0
1993-02-01,0.44419876,False,0,0,0.0,0.0,0.0,0.0,0.0
1993-03-01,0.21922193,False,0,0,0.0,0.0,0.0,0.0,0.0
1993-04-01,0.25979748,False,0,0,0.0,0.0,0.0,0.0,0.0
1993-05-01,0.21571946,False,0,0,0.0,0.0,0.0,0.0,0.0
1993-06-01,0.39539286,False,0,0,0.0,0.0,0.0,0.0,0.0
1993-07-01,0.3972671,False,0,0,0.0,0.0,0.0,0.0,0.0
1993-08-01,0.35860074,False,0,0,0.0,0.0,0.0,0.0,0.0
1993-09-01,-0.005127791,False,0,0,0.0,0.0,0.0,0.0,0.0
1993-10-01,-0.5166224,False,0,0,0.0,0.0,0.0,0.0,0.0
1993-11-01,-0.824904,False,0,0,0.0,0.0,0.0,0.0,0.0
1993-12-01,-0.9996187,False,0,0,0.0,0.0,0.0,0.0,0.0
1994-01-01,-0.58423096,False,0,0,0.0,0.0,0.0,0.0,0.0
1994-02-01,-0.25432226,False,0,0,0.0,0.0,0.0,0.0,0.0
1994-03-01,0.34987727,False,0,0,0.0,0.0,0.0,0.0,0.0
1994-04-01,0.20424107,False,0,0,0.0,0.0,0.0,0.0,0.0
1994-05-01,0.06476013,False,0,0,0.0,0.0,0.0,0.0,0.0
1994-06-01,-0.1430928,False,0,0,0.0,0.0,0.0,0.0,0.0
1994-07-01,-0.18187296,False,0,0,0.0,0.0,0.0,0.0,0.0
1994-08-01,-0.2061708,False,0,0,0.0,0.0,0.0,0.0,0.0
1994-09-01,-0.39425606,False,0,0,0.0,0.0,0.0,0.0,0.0
1994-10-01,-0.5617052,False,0,0,0.0,0.0,0.0,0.0,0.0
1994-11-01,-0.5486212,False,0,0,0.0,0.0,0.0,0.0,0.0
1994-12-01,-0.63266623,False,0,0,0.0,0.0,0.0,0.0,0.0
1995-01-01,-0.32572782,False,0,0,0.0,0.0,0.0,0.0,0.0
1995-02-01,-0.26439592,False,0,0,0.0,0.0,0.0,0.0,0.0
1995-03-01,-0.6740265,False,0,0,0.0,0.0,0.0,0.0,0.0
1995-04-01,-0.66098326,False,0,0,0.0,0.0,0.0,0.0,0.0
1995-05-01,-0.69112605,False,0,0,0.0,0.0,0.0,0.0,0.0
1995-06-01,-0.54572684,False,0,0,0.0,0.0,0.0,0.0,0.0
1995-07-01,-0.39619625,False,0,0,0.0,0.0,0.0,0.0,0.0
1995-08-01,-0.3620641,False,0,0,0.0,0.0,0.0,0.0,0.0
1995-09-01,-0.3146489,False,0,0,0.0,0.0,0.0,0.0,0.0
1995-10-01,-0.19615266,False,0,0,0.0,0.0,0.0,0.0,0.0
1995-11-01,0.6230165,False,0,0,0.0,0.0,0.0,0.0,0.0
1995-12-01,0.6482131,False,0,0,0.0,0.0,0.0,0.0,0.0
1996-01-01,0.2807667,False,0,0,0.0,0.0,0.0,0.0,0.0
1996-02-01,0.25207174,False,0,0,0.0,0.0,0.0,0.0,0.0
1996-03-01,-0.09708178,False,0,0,0.0,0.0,0.0,0.0,0.0
1996-04-01,-0.1980514,False,0,0,0.0,0.0,0.0,0.0,0.0
1996-05-01,-0.20279709,False,0,0,0.0,0.0,0.0,0.0,0.0
1996-06-01,-0.4105179,False,0,0,0.0,0.0,0.0,0.0,0.0
1996-07-01,-0.54598117,False,0,0,0.0,0.0,0.0,0.0,0.0
1996-08-01,-0.53304744,False,0,0,0.0,0.0,0.0,0.0,0.0
1996-09-01,-0.6719966,False,0,0,0.0,0.0,0.0,0.0,0.0
1996-10-01,-0.3043157,False,0,0,0.0,0.0,0.0,0.0,0.0
1996-11-01,-0.826788,False,0,0,0.0,0.0,0.0,0.0,0.0
1996-12-01,-0.55712056,False,0,0,0.0,0.0,0.0,0.0,0.0
1997-01-01,-0.20521,False,0,0,0.0,0.0,0.0,0.0,0.0
1997-02-01,-0.11282722,False,0,0,0.0,0.0,0.0,0.0,0.0
1997-03-01,-0.38746557,False,0,0,0.0,0.0,0.0,0.0,0.0
1997-04-01,-0.32652876,False,0,0,0.0,0.0,0.0,0.0,0.0
1997-05-01,-0.41000706,False,0,0,0.0,0.0,0.0,0.0,0.0
1997-06-01,-0.44633856,False,0,0,0.0,0.0,0.0,0.0,0.0
1997-07-01,-0.55930585,False,0,0,0.0,0.0,0.0,0.0,0.0
1997-08-01,-0.63413256,False,0,0,0.0,0.0,0.0,0.0,0.0
1997-09-01,-0.6450483,False,0,0,0.0,0.0,0.0,0.0,0.0
1997-10-01,-1.1360241,False,0,0,0.0,0.0,0.0,0.0,0.0
1997-11-01,-1.212417,True,482,1,0.012416958808898926,0.012416958808898926,0.012416958808898926,-1.2124170064926147,0.012416958808898926
1997-12-01,-1.3452475,True,482,2,0.15766441822052002,0.1452474594116211,0.07883220911026001,-1.345247507095337,0.1452474594116211
1998-01-01,-1.6463814,True,482,3,0.6040457487106323,0.4463813304901123,0.20134858787059784,-1.6463813781738281,0.4463813304901123
1998-02-01,-2.1417923,True,482,4,1.5458379983901978,0.9417922496795654,0.38645949959754944,-2.1417922973632812,0.9417922496795654
1998-03-01,-1.3261905,True,482,5,1.6720284223556519,0.1261904239654541,0.33440569043159485,-2.1417922973632812,0.1261904239654541
1998-04-01,-1.1571176,False,0,0,0.0,0.0,0.0,0.0,0.0
1998-05-01,-0.9648298,False,0,0,0.0,0.0,0.0,0.0,0.0
1998-06-01,-0.58439666,False,0,0,0.0,0.0,0.0,0.0,0.0
1998-07-01,0.009839892,False,0,0,0.0,0.0,0.0,0.0,0.0
1998-08-01,0.03794661,False,0,0,0.0,0.0,0.0,0.0,0.0
1998-09-01,0.47433588,False,0,0,0.0,0.0,0.0,0.0,0.0
1998-10-01,1.3317012,False,0,0,0.0,0.0,0.0,0.0,0.0
1998-11-01,1.5385481,False,0,0,0.0,0.0,0.0,0.0,0.0
1998-12-01,1.6283174,False,0,0,0.0,0.0,0.0,0.0,0.0
1999-01-01,1.7205873,False,0,0,0.0,0.0,0.0,0.0,0.0
1999-02-01,1.8444113,False,0,0,0.0,0.0,0.0,0.0,0.0
1999-03-01,1.7981375,False,0,0,0.0,0.0,0.0,0.0,0.0
1999-04-01,2.0422492,False,0,0,0.0,0.0,0.0,0.0,0.0
1999-05-01,2.01806,False,0,0,0.0,0.0,0.0,0.0,0.0
1999-06-01,1.8434141,False,0,0,0.0,0.0,0.0,0.0,0.0
1999-07-01,1.492856,False,0,0,0.0,0.0,0.0,0.0,0.0
1999-08-01,1.5102099,False,0,0,0.0,0.0,0.0,0.0,0.0
1999-09-01,1.3292855,False,0,0,0.0,0.0,0.0,0.0,0.0
1999-10-01,1.0425042,False,0,0,0.0,0.0,0.0,0.0,0.0
1999-11-01,0.8036335,False,0,0,0.0,0.0,0.0,0.0,0.0
1999-12-01,0.5316603,False,0,0,0.0,0.0,0.0,0.0,0.0
2000-01-01,0.42062038,False,0,0,0.0,0.0,0.0,0.0,0.0
2000-02-01,0.50192136,False,0,0,0.0,0.0,0.0,0.0,0.0
2000-03-01,0.5955371,False,0,0,0.0,0.0,0.0,0.0,0.0
2000-04-01,0.4634293,False,0,0,0.0,0.0,0.0,0.0,0.0
2000-05-01,0.73226583,False,0,0,0.0,0.0,0.0,0.0,0.0
2000-06-01,0.9508294,False,0,0,0.0,0.0,0.0,0.0,0.0
2000-07-01,1.0077605,False,0,0,0.0,0.0,0.0,0.0,0.0
2000-08-01,1.0408466,False,0,0,0.0,0.0,0.0,0.0,0.0
2000-09-01,1.1467935,False,0,0,0.0,0.0,0.0,0.0,0.0
2000-10-01,0.95846283,False,0,0,0.0,0.0,0.0,0.0,0.0
2000-11-01,0.9176663,False,0,0,0.0,0.0,0.0,0.0,0.0
2000-12-01,0.59551984,False,0,0,0.0,0.0,0.0,0.0,0.0
2001-01-01,0.5831824,False,0,0,0.0,0.0,0.0,0.0,0.0
2001-02-01,0.6226487,False,0,0,0.0,0.0,0.0,0.0,0.0
2001-03-01,0.5552103,False,0,0,0.0,0.0,0.0,0.0,0.0
2001-04-01,0.42328894,False,0,0,0.0,0.0,0.0,0.0,0.0
2001-05-01,0.19347286,False,0,0,0.0,0.0,0.0,0.0,0.0
2001-06-01,0.22965088,False,0,0,0.0,0.0,0.0,0.0,0.0
2001-07-01,0.31514072,False,0,0,0.0,0.0,0.0,0.0,0.0
2001-08-01,0.27048686,False,0,0,0.0,0.0,0.0,0.0,0.0
2001-09-01,0.2702086,False,0,0,0.0,0.0,0.0,0.0,0.0
2001-10-01,0.09224347,False,0,0,0.0,0.0,0.0,0.0,0.0
2001-11-01,-0.16353752,False,0,0,0.0,0.0,0.0,0.0,0.0
2001-12-01,0.15023506,False,0,0,0.0,0.0,0.0,0.0,0.0
2002-01-01,0.3866639,False,0,0,0.0,0.0,0.0,0.0,0.0
2002-02-01,0.32418787,False,0,0,0.0,0.0,0.0,0.0,0.0
2002-03-01,0.41966256,False,0,0,0.0,0.0,0.0,0.0,0.0
2002-04-01,0.29376006,False,0,0,0.0,0.0,0.0,0.0,0.0
2002-05-01,0.33939812,False,0,0,0.0,0.0,0.0,0.0,0.0
2002-06-01,0.10132038,False,0,0,0.0,0.0,0.0,0.0,0.0
2002-07-01,0.022043576,False,0,0,0.0,0.0,0.0,0.0,0.0
2002-08-01,0.017109523,False,0,0,0.0,0.0,0.0,0.0,0.0
2002-09-01,-0.05841442,False,0,0,0.0,0.0,0.0,0.0,0.0
2002-10-01,-0.61106104,False,0,0,0.0,0.0,0.0,0.0,0.0
2002-11-01,-0.7356314,False,0,0,0.0,0.0,0.0,0.0,0.0
2002-12-01,-0.42345932,False,0,0,0.0,0.0,0.0,0.0,0.0
2003-01-01,-0.55120087,False,0,0,0.0,0.0,0.0,0.0,0.0
2003-02-01,-0.4636156,False,0,0,0.0,0.0,0.0,0.0,0.0
2003-03-01,-0.95124316,False,0,0,0.0,0.0,0.0,0.0,0.0
2003-04-01,-1.0649416,False,0,0,0.0,0.0,0.0,0.0,0.0
2003-05-01,-1.0720226,False,0,0,0.0,0.0,0.0,0.0,0.0
2003-06-01,-1.0866328,False,0,0,0.0,0.0,0.0,0.0,0.0
2003-07-01,-1.1292982,False,0,0,0.0,0.0,0.0,0.0,0.0
2003-08-01,-1.1234329,False,0,0,0.0,0.0,0.0,0.0,0.0
2003-09-01,-0.838795,False,0,0,0.0,0.0,0.0,0.0,0.0
2003-10-01,-0.43106964,False,0,0,0.0,0.0,0.0,0.0,0.0
2003-11-01,0.09395896,False,0,0,0.0,0.0,0.0,0.0,0.0
2003-12-01,-0.03001574,False,0,0,0.0,0.0,0.0,0.0,0.0
2004-01-01,-0.107991785,False,0,0,0.0,0.0,0.0,0.0,0.0
2004-02-01,-0.37456504,False,0,0,0.0,0.0,0.0,0.0,0.0
2004-03-01,-0.18370743,False,0,0,0.0,0.0,0.0,0.0,0.0
2004-04-01,-0.22576027,False,0,0,0.0,0.0,0.0,0.0,0.0
2004-05-01,-0.22481772,False,0,0,0.0,0.0,0.0,0.0,0.0
2004-06-01,-0.35063213,False,0,0,0.0,0.0,0.0,0.0,0.0
2004-07-01,-0.46192545,False,0,0,0.0,0.0,0.0,0.0,0.0
2004-08-01,-0.483268,False,0,0,0.0,0.0,0.0,0.0,0.0
2004-09-01,-0.9206417,False,0,0,0.0,0.0,0.0,0.0,0.0
2004-10-01,-1.148916,False,0,0,0.0,0.0,0.0,0.0,0.0
2004-11-01,-1.2008537,True,561,1,0.0008536577224731445,0.0008536577224731445,0.0008536577224731445,-1.200853705406189,0.0008536577224731445
2004-12-01,-0.7362076,False,0,0,0.0,0.0,0.0,0.0,0.0
2005-01-01,-0.6186651,False,0,0,0.0,0.0,0.0,0.0,0.0
2005-02-01,-0.6648085,False,0,0,0.0,0.0,0.0,0.0,0.0
2005-03-01,-0.5815836,False,0,0,0.0,0.0,0.0,0.0,0.0
2005-04-01,-0.23152497,False,0,0,0.0,0.0,0.0,0.0,0.0
2005-05-01,-0.5201998,False,0,0,0.0,0.0,0.0,0.0,0.0
2005-06-01,-0.389667,False,0,0,0.0,0.0,0.0,0.0,0.0
2005-07-01,-0.19434465,False,0,0,0.0,0.0,0.0,0.0,0.0
2005-08-01,-0.16699395,False,0,0,0.0,0.0,0.0,0.0,0.0
2005-09-01,-0.13644359,False,0,0,0.0,0.0,0.0,0.0,0.0
2005-10-01,0.78063583,False,0,0,0.0,0.0,0.0,0.0,0.0
2005-11-01,0.3528024,False,0,0,0.0,0.0,0.0,0.0,0.0
2005-12-01,0.47743735,False,0,0,0.0,0.0,0.0,0.0,0.0
2006-01-01,0.78311837,False,0,0,0.0,0.0,0.0,0.0,0.0
2006-02-01,0.80213225,False,0,0,0.0,0.0,0.0,0.0,0.0
2006-03-01,0.68935424,False,0,0,0.0,0.0,0.0,0.0,0.0
2006-04-01,0.6067025,False,0,0,0.0,0.0,0.0,0.0,0.0
2006-05-01,0.9229848,False,0,0,0.0,0.0,0.0,0.0,0.0
2006-06-01,0.9136397,False,0,0,0.0,0.0,0.0,0.0,0.0
2006-07-01,0.82157046,False,0,0,0.0,0.0,0.0,0.0,0.0
2006-08-01,0.79716957,False,0,0,0.0,0.0,0.0,0.0,0.0
2006-09-01,0.715203,False,0,0,0.0,0.0,0.0,0.0,0.0
2006-10-01,-0.41549698,False,0,0,0.0,0.0,0.0,0.0,0.0
2006-11-01,-0.4657657,False,0,0,0.0,0.0,0.0,0.0,0.0
2006-12-01,-0.8684762,False,0,0,0.0,0.0,0.0,0.0,0.0
2007-01-01,-1.4623247,True,586,1,0.2623246908187866,0.2623246908187866,0.2623246908187866,-1.4623247385025024,0.2623246908187866
2007-02-01,-1.5293126,True,586,2,0.5916372537612915,0.3293125629425049,0.29581862688064575,-1.5293126106262207,0.3293125629425049
2007-03-01,-1.5220659,True,586,3,0.9137030839920044,0.3220658302307129,0.30456769466400146,-1.5293126106262207,0.3220658302307129
2007-04-01,-1.5975549,True,586,4,1.3112579584121704,0.397554874420166,0.3278144896030426,-1.5975549221038818,0.397554874420166
2007-05-01,-1.8789186,True,586,5,1.9901765584945679,0.6789186000823975,0.39803531765937805,-1.8789186477661133,0.6789186000823975
2007-06-01,-1.8328723,True,586,6,2.623048782348633,0.6328722238540649,0.43717479705810547,-1.8789186477661133,0.6328722238540649
2007-07-01,-1.9462838,True,586,7,3.3693325519561768,0.746283769607544,0.4813332259654999,-1.9462838172912598,0.746283769607544
2007-08-01,-1.8955672,True,586,8,4.064899444580078,0.6955671310424805,0.5081124305725098,-1.9462838172912598,0.6955671310424805
2007-09-01,-2.0492742,True,586,9,4.914173603057861,0.8492741584777832,0.5460193157196045,-2.049274206161499,0.8492741584777832
2007-10-01,-1.6004326,True,586,10,5.314606189727783,0.4004325866699219,0.5314606428146362,-2.049274206161499,0.4004325866699219
2007-11-01,-1.0777551,False,0,0,0.0,0.0,0.0,0.0,0.0
2007-12-01,-0.35174334,False,0,0,0.0,0.0,0.0,0.0,0.0
2008-01-01,0.012715471,False,0,0,0.0,0.0,0.0,0.0,0.0
2008-02-01,0.13169737,False,0,0,0.0,0.0,0.0,0.0,0.0
2008-03-01,0.4616607,False,0,0,0.0,0.0,0.0,0.0,0.0
2008-04-01,0.44266874,False,0,0,0.0,0.0,0.0,0.0,0.0
2008-05-01,0.40768775,False,0,0,0.0,0.0,0.0,0.0,0.0
2008-06-01,0.20731412,False,0,0,0.0,0.0,0.0,0.0,0.0
2008-07-01,0.14810768,False,0,0,0.0,0.0,0.0,0.0,0.0
2008-08-01,0.13049915,False,0,0,0.0,0.0,0.0,0.0,0.0
2008-09-01,0.26377758,False,0,0,0.0,0.0,0.0,0.0,0.0
2008-10-01,0.48926422,False,0,0,0.0,0.0,0.0,0.0,0.0
2008-11-01,0.74565965,False,0,0,0.0,0.0,0.0,0.0,0.0
2008-12-01,0.06242116,False,0,0,0.0,0.0,0.0,0.0,0.0
2009-01-01,0.20415549,False,0,0,0.0,0.0,0.0,0.0,0.0
2009-02-01,0.28436652,False,0,0,0.0,0.0,0.0,0.0,0.0
2009-03-01,-0.31488383,False,0,0,0.0,0.0,0.0,0.0,0.0
2009-04-01,-0.46498716,False,0,0,0.0,0.0,0.0,0.0,0.0
2009-05-01,-0.26933363,False,0,0,0.0,0.0,0.0,0.0,0.0
2009-06-01,-0.27528048,False,0,0,0.0,0.0,0.0,0.0,0.0
2009-07-01,-0.21190014,False,0,0,0.0,0.0,0.0,0.0,0.0
2009-08-01,-0.27182686,False,0,0,0.0,0.0,0.0,0.0,0.0
2009-09-01,0.021597058,False,0,0,0.0,0.0,0.0,0.0,0.0
2009-10-01,-0.27038655,False,0,0,0.0,0.0,0.0,0.0,0.0
2009-11-01,-0.7176534,False,0,0,0.0,0.0,0.0,0.0,0.0
2009-12-01,-0.9516569,False,0,0,0.0,0.0,0.0,0.0,0.0
2010-01-01,-0.8839487,False,0,0,0.0,0.0,0.0,0.0,0.0
2010-02-01,-1.0779662,False,0,0,0.0,0.0,0.0,0.0,0.0
2010-03-01,-1.0845567,False,0,0,0.0,0.0,0.0,0.0,0.0
2010-04-01,-0.8061378,False,0,0,0.0,0.0,0.0,0.0,0.0
2010-05-01,-0.4890195,False,0,0,0.0,0.0,0.0,0.0,0.0
2010-06-01,-0.22995678,False,0,0,0.0,0.0,0.0,0.0,0.0
2010-07-01,0.24036713,False,0,0,0.0,0.0,0.0,0.0,0.0
2010-08-01,0.38909382,False,0,0,0.0,0.0,0.0,0.0,0.0
2010-09-01,1.5925803,False,0,0,0.0,0.0,0.0,0.0,0.0
2010-10-01,2.2870576,False,0,0,0.0,0.0,0.0,0.0,0.0
2010-11-01,2.1472335,False,0,0,0.0,0.0,0.0,0.0,0.0
2010-12-01,2.3090022,False,0,0,0.0,0.0,0.0,0.0,0.0
2011-01-01,2.1088922,False,0,0,0.0,0.0,0.0,0.0,0.0
2011-02-01,2.1337962,False,0,0,0.0,0.0,0.0,0.0,0.0
2011-03-01,2.2421556,False,0,0,0.0,0.0,0.0,0.0,0.0
2011-04-01,2.282477,False,0,0,0.0,0.0,0.0,0.0,0.0
2011-05-01,2.2143714,False,0,0,0.0,0.0,0.0,0.0,0.0
2011-06-01,2.1863945,False,0,0,0.0,0.0,0.0,0.0,0.0
2011-07-01,1.9214709,False,0,0,0.0,0.0,0.0,0.0,0.0
2011-08-01,1.8195604,False,0,0,0.0,0.0,0.0,0.0,0.0
2011-09-01,0.49918905,False,0,0,0.0,0.0,0.0,0.0,0.0
2011-10-01,-0.4089853,False,0,0,0.0,0.0,0.0,0.0,0.0
2011-11-01,-0.2806488,False,0,0,0.0,0.0,0.0,0.0,0.0
2011-12-01,-0.40846878,False,0,0,0.0,0.0,0.0,0.0,0.0
2012-01-01,0.14784917,False,0,0,0.0,0.0,0.0,0.0,0.0
2012-02-01,0.19908977,False,0,0,0.0,0.0,0.0,0.0,0.0
2012-03-01,0.64888513,False,0,0,0.0,0.0,0.0,0.0,0.0
2012-04-01,0.4660497,False,0,0,0.0,0.0,0.0,0.0,0.0
2012-05-01,0.30302796,False,0,0,0.0,0.0,0.0,0.0,0.0
2012-06-01,0.2811612,False,0,0,0.0,0.0,0.0,0.0,0.0
2012-07-01,0.4124702,False,0,0,0.0,0.0,0.0,0.0,0.0
2012-08-01,0.43240094,False,0,0,0.0,0.0,0.0,0.0,0.0
2012-09-01,0.39625624,False,0,0,0.0,0.0,0.0,0.0,0.0
2012-10-01,0.19755933,False,0,0,0.0,0.0,0.0,0.0,0.0
2012-11-01,-0.063768744,False,0,0,0.0,0.0,0.0,0.0,0.0
2012-12-01,0.2876613,False,0,0,0.0,0.0,0.0,0.0,0.0
2013-01-01,-0.048226923,False,0,0,0.0,0.0,0.0,0.0,0.0
2013-02-01,-0.10392544,False,0,0,0.0,0.0,0.0,0.0,0.0
2013-03-01,-0.60510045,False,0,0,0.0,0.0,0.0,0.0,0.0
2013-04-01,-0.45442545,False,0,0,0.0,0.0,0.0,0.0,0.0
2013-05-01,-0.14702316,False,0,0,0.0,0.0,0.0,0.0,0.0
2013-06-01,0.62038946,False,0,0,0.0,0.0,0.0,0.0,0.0
2013-07-01,0.86217046,False,0,0,0.0,0.0,0.0,0.0,0.0
2013-08-01,0.8773969,False,0,0,0.0,0.0,0.0,0.0,0.0
2013-09-01,1.0011092,False,0,0,0.0,0.0,0.0,0.0,0.0
2013-10-01,0.9182529,False,0,0,0.0,0.0,0.0,0.0,0.0
2013-11-01,0.95307547,False,0,0,0.0,0.0,0.0,0.0,0.0
2013-12-01,1.1536814,False,0,0,0.0,0.0,0.0,0.0,0.0
2014-01-01,1.0177076,False,0,0,0.0,0.0,0.0,0.0,0.0
2014-02-01,0.9926984,False,0,0,0.0,0.0,0.0,0.0,0.0
2014-03-01,0.92228025,False,0,0,0.0,0.0,0.0,0.0,0.0
2014-04-01,0.8327038,False,0,0,0.0,0.0,0.0,0.0,0.0
2014-05-01,0.44175252,False,0,0,0.0,0.0,0.0,0.0,0.0
2014-06-01,-0.33525687,False,0,0,0.0,0.0,0.0,0.0,0.0
2014-07-01,-0.5779223,False,0,0,0.0,0.0,0.0,0.0,0.0
2014-08-01,-0.57915217,False,0,0,0.0,0.0,0.0,0.0,0.0
2014-09-01,-0.79317284,False,0,0,0.0,0.0,0.0,0.0,0.0
2014-10-01,-0.9382522,False,0,0,0.0,0.0,0.0,0.0,0.0
2014-11-01,-1.0195378,False,0,0,0.0,0.0,0.0,0.0,0.0
2014-12-01,-1.0426435,False,0,0,0.0,0.0,0.0,0.0,0.0
2015-01-01,-1.0169516,False,0,0,0.0,0.0,0.0,0.0,0.0
2015-02-01,-0.9703474,False,0,0,0.0,0.0,0.0,0.0,0.0
2015-03-01,-0.96467155,False,0,0,0.0,0.0,0.0,0.0,0.0
2015-04-01,-0.6537368,False,0,0,0.0,0.0,0.0,0.0,0.0
2015-05-01,-0.7473372,False,0,0,0.0,0.0,0.0,0.0,0.0
2015-06-01,-0.83795434,False,0,0,0.0,0.0,0.0,0.0,0.0
2015-07-01,-1.132291,False,0,0,0.0,0.0,0.0,0.0,0.0
2015-08-01,-1.1913815,False,0,0,0.0,0.0,0.0,0.0,0.0
2015-09-01,-1.2499944,True,680,1,0.04999434947967529,0.04999434947967529,0.04999434947967529,-1.2499943971633911,0.04999434947967529
2015-10-01,-1.2014513,True,680,2,0.051445603370666504,0.001451253890991211,0.025722801685333252,-1.2499943971633911,0.001451253890991211
2015-11-01,-1.196893,False,0,0,0.0,0.0,0.0,0.0,0.0
2015-12-01,-1.7018003,True,681,1,0.5018002986907959,0.5018002986907959,0.5018002986907959,-1.7018003463745117,0.5018002986907959
2016-01-01,-1.3981706,True,681,2,0.6999708414077759,0.19817054271697998,0.34998542070388794,-1.7018003463745117,0.19817054271697998
2016-02-01,-0.6425794,False,0,0,0.0,0.0,0.0,0.0,0.0
2016-03-01,-0.65799326,False,0,0,0.0,0.0,0.0,0.0,0.0
2016-04-01,-1.003909,False,0,0,0.0,0.0,0.0,0.0,0.0
2016-05-01,-0.88474596,False,0,0,0.0,0.0,0.0,0.0,0.0
2016-06-01,-0.65772045,False,0,0,0.0,0.0,0.0,0.0,0.0
2016-07-01,-0.0610553,False,0,0,0.0,0.0,0.0,0.0,0.0
2016-08-01,0.0352607,False,0,0,0.0,0.0,0.0,0.0,0.0
2016-09-01,0.852143,False,0,0,0.0,0.0,0.0,0.0,0.0
2016-10-01,2.059614,False,0,0,0.0,0.0,0.0,0.0,0.0
2016-11-01,2.0959542,False,0,0,0.0,0.0,0.0,0.0,0.0
2016-12-01,2.1892734,False,0,0,0.0,0.0,0.0,0.0,0.0
2017-01-01,2.1309483,False,0,0,0.0,0.0,0.0,0.0,0.0
2017-02-01,1.801131,False,0,0,0.0,0.0,0.0,0.0,0.0
2017-03-01,1.8714287,False,0,0,0.0,0.0,0.0,0.0,0.0
2017-04-01,1.9572967,False,0,0,0.0,0.0,0.0,0.0,0.0
2017-05-01,2.0853415,False,0,0,0.0,0.0,0.0,0.0,0.0
2017-06-01,2.2412834,False,0,0,0.0,0.0,0.0,0.0,0.0
2017-07-01,2.2382982,False,0,0,0.0,0.0,0.0,0.0,0.0
2017-08-01,2.2480114,False,0,0,0.0,0.0,0.0,0.0,0.0
2017-09-01,1.9100026,False,0,0,0.0,0.0,0.0,0.0,0.0
2017-10-01,0.9404348,False,0,0,0.0,0.0,0.0,0.0,0.0
2017-11-01,1.7596859,False,0,0,0.0,0.0,0.0,0.0,0.0
2017-12-01,1.4202021,False,0,0,0.0,0.0,0.0,0.0,0.0
2018-01-01,1.469298,False,0,0,0.0,0.0,0.0,0.0,0.0
2018-02-01,1.5226535,False,0,0,0.0,0.0,0.0,0.0,0.0
2018-03-01,1.6253105,False,0,0,0.0,0.0,0.0,0.0,0.0
2018-04-01,1.6004128,False,0,0,0.0,0.0,0.0,0.0,0.0
2018-05-01,1.651425,False,0,0,0.0,0.0,0.0,0.0,0.0
2018-06-01,1.6418134,False,0,0,0.0,0.0,0.0,0.0,0.0
2018-07-01,1.5859605,False,0,0,0.0,0.0,0.0,0.0,0.0
2018-08-01,1.6383519,False,0,0,0.0,0.0,0.0,0.0,0.0
2018-09-01,1.6592848,False,0,0,0.0,0.0,0.0,0.0,0.0
2018-10-01,1.1996694,False,0,0,0.0,0.0,0.0,0.0,0.0
2018-11-01,0.11098765,False,0,0,0.0,0.0,0.0,0.0,0.0
2018-12-01,-0.09060097,False,0,0,0.0,0.0,0.0,0.0,0.0
2019-01-01,-0.26562592,False,0,0,0.0,0.0,0.0,0.0,0.0
2019-02-01,-0.45519748,False,0,0,0.0,0.0,0.0,0.0,0.0
2019-03-01,-0.22206749,False,0,0,0.0,0.0,0.0,0.0,0.0
2019-04-01,-0.051127423,False,0,0,0.0,0.0,0.0,0.0,0.0
2019-05-01,-0.1376714,False,0,0,0.0,0.0,0.0,0.0,0.0
2019-06-01,-0.24421063,False,0,0,0.0,0.0,0.0,0.0,0.0
2019-07-01,-0.2909719,False,0,0,0.0,0.0,0.0,0.0,0.0
2019-08-01,-0.3764281,False,0,0,0.0,0.0,0.0,0.0,0.0
2019-09-01,-0.48484594,False,0,0,0.0,0.0,0.0,0.0,0.0
2019-10-01,-0.5031023,False,0,0,0.0,0.0,0.0,0.0,0.0
2019-11-01,-1.2922016,True,726,1,0.0922015905380249,0.0922015905380249,0.0922015905380249,-1.2922016382217407,0.0922015905380249
2019-12-01,-1.2127962,True,726,2,0.10499775409698486,0.012796163558959961,0.05249887704849243,-1.2922016382217407,0.012796163558959961
2020-01-01,-1.4904237,True,726,3,0.3954213857650757,0.2904236316680908,0.1318071335554123,-1.4904236793518066,0.2904236316680908
2020-02-01,-1.4955864,True,726,4,0.6910077333450317,0.29558634757995605,0.17275193333625793,-1.4955863952636719,0.29558634757995605
2020-03-01,-1.6379349,True,726,5,1.128942608833313,0.43793487548828125,0.22578851878643036,-1.637934923171997,0.43793487548828125
2020-04-01,-1.7900819,True,726,6,1.719024419784546,0.5900818109512329,0.2865040600299835,-1.7900818586349487,0.5900818109512329
2020-05-01,-1.6284608,True,726,7,2.1474852561950684,0.4284607172012329,0.30678361654281616,-1.7900818586349487,0.4284607172012329
2020-06-01,-1.7939917,True,726,8,2.7414770126342773,0.5939916372299194,0.34268462657928467,-1.7939916849136353,0.5939916372299194
2020-07-01,-2.037754,True,726,9,3.579231023788452,0.8377540111541748,0.39769232273101807,-2.0377540588378906,0.8377540111541748
2020-08-01,-1.9912367,True,726,10,4.370467662811279,0.7912366390228271,0.43704676628112793,-2.0377540588378906,0.7912366390228271
2020-09-01,-2.0447667,True,726,11,5.215234279632568,0.8447666168212891,0.47411221265792847,-2.044766664505005,0.8447666168212891
2020-10-01,-1.1825982,False,0,0,0.0,0.0,0.0,0.0,0.0
2020-11-01,-0.40783837,False,0,0,0.0,0.0,0.0,0.0,0.0
2020-12-01,-0.15479809,False,0,0,0.0,0.0,0.0,0.0,0.0
2021-01-01,0.4474528,False,0,0,0.0,0.0,0.0,0.0,0.0
2021-02-01,0.6207586,False,0,0,0.0,0.0,0.0,0.0,0.0
2021-03-01,0.4308108,False,0,0,0.0,0.0,0.0,0.0,0.0
2021-04-01,0.25269192,False,0,0,0.0,0.0,0.0,0.0,0.0
2021-05-01,0.009632295,False,0,0,0.0,0.0,0.0,0.0,0.0
2021-06-01,0.22495319,False,0,0,0.0,0.0,0.0,0.0,0.0
2021-07-01,0.32249022,False,0,0,0.0,0.0,0.0,0.0,0.0
2021-08-01,0.33680895,False,0,0,0.0,0.0,0.0,0.0,0.0
2021-09-01,0.8005642,False,0,0,0.0,0.0,0.0,0.0,0.0
2021-10-01,0.6792264,False,0,0,0.0,0.0,0.0,0.0,0.0
2021-11-01,0.9687107,False,0,0,0.0,0.0,0.0,0.0,0.0
2021-12-01,0.8475514,False,0,0,0.0,0.0,0.0,0.0,0.0
2022-01-01,0.38150334,False,0,0,0.0,0.0,0.0,0.0,0.0
2022-02-01,0.22362973,False,0,0,0.0,0.0,0.0,0.0,0.0
2022-03-01,0.37306255,False,0,0,0.0,0.0,0.0,0.0,0.0
2022-04-01,0.5809391,False,0,0,0.0,0.0,0.0,0.0,0.0
2022-05-01,0.812549,False,0,0,0.0,0.0,0.0,0.0,0.0
2022-06-01,0.92994606,False,0,0,0.0,0.0,0.0,0.0,0.0
2022-07-01,1.0550363,False,0,0,0.0,0.0,0.0,0.0,0.0
2022-08-01,1.0853893,False,0,0,0.0,0.0,0.0,0.0,0.0
2022-09-01,1.0361269,False,0,0,0.0,0.0,0.0,0.0,0.0
2022-10-01,2.174753,False,0,0,0.0,0.0,0.0,0.0,0.0
2022-11-01,1.5948632,False,0,0,0.0,0.0,0.0,0.0,0.0
2022-12-01,1.5009687,False,0,0,0.0,0.0,0.0,0.0,0.0
2023-01-01,1.3442097,False,0,0,0.0,0.0,0.0,0.0,0.0
2023-02-01,1.4492937,False,0,0,0.0,0.0,0.0,0.0,0.0
2023-03-01,1.2597144,False,0,0,0.0,0.0,0.0,0.0,0.0
2023-04-01,1.309663,False,0,0,0.0,0.0,0.0,0.0,0.0
2023-05-01,1.3097681,False,0,0,0.0,0.0,0.0,0.0,0.0
2023-06-01,1.1427958,False,0,0,0.0,0.0,0.0,0.0,0.0
2023-07-01,1.3017904,False,0,0,0.0,0.0,0.0,0.0,0.0
2023-08-01,1.239948,False,0,0,0.0,0.0,0.0,0.0,0.0
2023-09-01,0.9149321,False,0,0,0.0,0.0,0.0,0.0,0.0
2023-10-01,-1.0695038,False,0,0,0.0,0.0,0.0,0.0,0.0
2023-11-01,-1.5733173,True,763,1,0.37331724166870117,0.37331724166870117,0.37331724166870117,-1.573317289352417,0.37331724166870117
2023-12-01,-1.7863647,True,763,2,0.9596818685531616,0.5863646268844604,0.4798409342765808,-1.7863646745681763,0.5863646268844604
2024-01-01,-1.5218204,True,763,3,1.2815022468566895,0.32182037830352783,0.4271674156188965,-1.7863646745681763,0.32182037830352783
2024-02-01,-1.7246922,True,763,4,1.8061944246292114,0.524692177772522,0.45154860615730286,-1.7863646745681763,0.524692177772522
2024-03-01,-1.5605404,True,763,5,2.1667346954345703,0.36054039001464844,0.4333469271659851,-1.7863646745681763,0.36054039001464844
2024-04-01,-1.6110878,True,763,6,2.57782244682312,0.4110877513885498,0.42963707447052,-1.7863646745681763,0.4110877513885498
2024-05-01,-1.8897052,True,763,7,3.2675275802612305,0.6897051334381104,0.4667896628379822,-1.8897051811218262,0.6897051334381104
2024-06-01,-1.9981766,True,763,8,4.065704345703125,0.7981765270233154,0.5082130432128906,-1.9981765747070312,0.7981765270233154
2024-07-01,-2.3529847,True,763,9,5.21868896484375,1.152984619140625,0.5798543095588684,-2.352984666824341,1.152984619140625
2024-08-01,-2.3838758,True,763,10,6.402565002441406,1.1838757991790771,0.6402565240859985,-2.383875846862793,1.1838757991790771
2024-09-01,-2.4332013,True,763,11,7.63576602935791,1.233201265335083,0.694160521030426,-2.433201313018799,1.233201265335083
2024-10-01,-1.9011741,True,763,12,8.336939811706543,0.7011740207672119,0.6947450041770935,-2.433201313018799,0.7011740207672119
2024-11-01,-1.0693179,False,0,0,0.0,0.0,0.0,0.0,0.0
2024-12-01,-0.41622782,False,0,0,0.0,0.0,0.0,0.0,0.0
2025-01-01,-0.004384587,False,0,0,0.0,0.0,0.0,0.0,0.0
2025-02-01,0.06817075,False,0,0,0.0,0.0,0.0,0.0,0.0
2025-03-01,-0.030946977,False,0,0,0.0,0.0,0.0,0.0,0.0
2025-04-01,-0.25147495,False,0,0,0.0,0.0,0.0,0.0,0.0
2025-05-01,0.4061003,False,0,0,0.0,0.0,0.0,0.0,0.0
2025-06-01,0.57702535,False,0,0,0.0,0.0,0.0,0.0,0.0
2025-07-01,0.7942086,False,0,0,0.0,0.0,0.0,0.0,0.0
2025-08-01,0.86010367,False,0,0,0.0,0.0,0.0,0.0,0.0
2025-09-01,1.8518573,False,0,0,0.0,0.0,0.0,0.0,0.0
2025-10-01,2.134232,False,0,0,0.0,0.0,0.0,0.0,0.0
2025-11-01,1.9623494,False,0,0,0.0,0.0,0.0,0.0,0.0
2025-12-01,1.3709747,False,0,0,0.0,0.0,0.0,0.0,0.0
