event_id,start_idx,end_idx,start_date,end_date,duration,magnitude,intensity,peak,peak_idx,peak_date,interarrival
1,66,72,1955-07-01,1956-01-01,7,3.672879457473755,0.5246970653533936,1.9767308235168457,69,1955-10-01,11.0
2,77,81,1956-06-01,1956-10-01,5,1.4926378726959229,0.29852757453918455,1.6386209726333618,81,1956-10-01,8.0
3,85,88,1957-02-01,1957-05-01,4,1.0907447338104248,0.2726861834526062,1.624146819114685,86,1957-03-01,135.0
4,220,231,1968-05-01,1969-04-01,12,12.90492057800293,1.0754100481669109,3.0899999141693115,222,1968-07-01,63.0
5,283,293,1973-08-01,1974-06-01,11,7.375982284545898,0.6705438440496271,2.571434259414673,286,1973-11-01,21.0
6,304,319,1975-05-01,1976-08-01,16,13.42772102355957,0.8392325639724731,3.0899999141693115,309,1975-10-01,24.0
7,328,332,1977-05-01,1977-09-01,5,2.3894846439361572,0.47789692878723145,1.9537303447723389,332,1977-09-01,14.0
8,342,353,1978-07-01,1979-06-01,12,8.989155769348145,0.7490963141123453,2.6213502883911133,345,1978-10-01,40.0
9,382,391,1981-11-01,1982-08-01,10,3.456468343734741,0.3456468343734741,1.761762022972107,382,1981-11-01,23.0
10,405,420,1983-10-01,1985-01-01,16,11.27994441986084,0.7049965262413025,3.0899999141693115,416,1984-09-01,68.0
11,473,476,1989-06-01,1989-09-01,4,1.9418127536773682,0.48545318841934204,1.7675135135650635,474,1989-07-01,112.0
12,585,596,1998-10-01,1999-09-01,12,5.697776794433594,0.4748147328694661,2.0422492027282715,591,1999-04-01,143.0
13,728,739,2010-09-01,2011-08-01,12,10.844990730285645,0.9037492275238037,2.309002161026001,731,2010-12-01,73.0
14,801,812,2016-10-01,2017-09-01,12,10.428583145141602,0.8690485954284668,2.248011350631714,811,2017-08-01,13.0
15,814,824,2017-11-01,2018-09-01,11,4.374398231506348,0.3976725665005771,1.7596858739852905,814,2017-11-01,59.0
16,873,880,2022-10-01,2023-05-01,8,2.343233346939087,0.29290416836738586,2.174752950668335,873,2022-10-01,35.0
17,908,911,2025-09-01,2025-12-01,4,2.519413471221924,0.629853367805481,2.1342320442199707,909,2025-10-01,
